N,G_N,HL_N,S_N,bias,ln_N,chi3,chi5,chi7
1000,2196,2095.685522351266,1.0,0.04786873442389476,6.907755278982137,1,0,-1
1100,2345,2242.933066506273,1.0,0.045716863448058455,7.003065458786462,-1,0,1
1200,2524,2387.1480941855502,1.0,0.057732198654153154,7.090076835776092,0,0,-1
1300,2692,2528.660702709008,1.0,0.06481054225511913,7.170119543449628,1,0,-1
1400,2779,2667.7422852223635,1.0,0.04194173718562163,7.24422751560335,-1,0,0
1500,2911,2804.61941750941,1.0,0.03807429164857135,7.313220387090301,0,0,1
1600,3105,2939.4837543904623,1.0,0.056336641277588285,7.3777589082278725,1,0,1
1700,3230,3072.4992596766815,1.0,0.05135696455951693,7.438383530044307,-1,0,-1
1800,3339,3203.8076024500865,1.0,0.04244187087359148,7.495541943884256,0,0,1
1900,3513,3333.532260608611,1.0,0.05409953592679821,7.549609165154532,1,0,-1
2000,3610,3461.781693009068,1.0,0.042956498074641705,7.600902459542082,-1,0,-1
2100,3732,3588.651827554849,1.0,0.03994496081460064,7.649692623711514,0,0,0
2200,3875,3714.2280382551785,1.0,0.043535126346806834,7.696212639346407,1,0,1
2300,3912,3838.586734651993,1.0,0.019327760439302066,7.7406644019172415,-1,0,1
2400,4041,3961.7966531517604,1.0,0.02016122415437488,7.783224016336037,0,0,-1
2500,4216,4083.919916253075,1.0,0.03243289220255114,7.824046010856292,1,0,1
2600,4330,4205.012908999651,1.0,0.02981694971883041,7.8632667240095735,-1,0,-1
2700,4521,4325.127010011929,1.0,0.04549173705399823,7.90100705199242,0,0,-1
2800,4601,4444.309205717145,1.0,0.03544533619267537,7.937374696163295,1,0,0
2900,4707,4562.602609944917,1.0,0.03178962955436992,7.9724660159745655,-1,0,1
3000,4964,4680.046906229611,1.0,0.0608811235837662,8.006367567650246,0,0,1
3100,5003,4796.678726511193,1.0,0.0431989445582755,8.039157390473237,1,0,-1
3200,5131,4912.531977137743,1.0,0.04450337598874202,8.070906088787819,-1,0,1
3300,5165,5027.6381209213605,1.0,0.027446100278825925,8.101677747454572,0,0,-1
3400,5316,5142.026422324768,1.0,0.034007066997043034,8.131530710604252,1,0,-1
3500,5458,5255.724161541471,1.0,0.03857180760406928,8.160518247477505,-1,0,0
3600,5500,5368.756822192706,1.0,0.024492369430464147,8.1886891244442,0,0,1
3700,5694,5481.148256535873,1.0,0.038984834940013924,8.216088098632316,1,0,1
3800,5756,5592.920831414564,1.0,0.02917164149619946,8.242756345714477,-1,0,-1
3900,5891,5704.095557643406,1.0,0.03287062700742859,8.268731832117737,0,0,1
4000,5994,5814.692205084977,1.0,0.03089626066966065,8.294049640102028,1,0,-1
4100,6261,5924.7294053196765,1.0,0.05688809451734543,8.318742252692399,-1,0,-1
4200,6274,6034.224743516593,1.0,0.039802266091718115,8.34283980427146,0,0,0
4300,6332,6143.19484087176,1.0,0.030855873830041066,8.366370301681654,1,0,1
4400,6569,6251.65542877944,1.0,0.05091216532681719,8.389359819906353,-1,0,1
4500,6559,6359.621415734836,1.0,0.031367434023533085,8.411832675758411,0,0,-1
4600,6765,6467.10694782649,1.0,0.046115802768118004,8.433811582477187,1,0,1
4700,6734,6574.125463558883,1.0,0.024419897941959902,8.45531778769815,-1,0,-1
4800,6882,6680.689743646155,1.0,0.030282834782991066,8.476371196895983,0,0,-1
4900,7090,6786.8119563336895,1.0,0.04469712512468574,8.496990484098719,1,0,0
5000,7230,6892.503698732396,1.0,0.04897645719518154,8.517193191416238,-1,0,1
5100,7291,6997.776034589439,1.0,0.04196819318482315,8.536995818712418,0,0,1
5200,7370,7102.639528866651,1.0,0.03766637651297852,8.556413904569519,1,0,-1
5300,7454,7207.10427945272,1.0,0.0343893249457899,8.575462099540212,-1,0,1
5400,7466,7311.179946296532,1.0,0.021295407431237024,8.594154232552366,0,0,-1
5500,7620,7414.8757782153125,1.0,0.027743527629824294,8.612503371220562,1,0,-1
5600,7739,7518.200637602162,1.0,0.029437550036003443,8.630521876723241,-1,0,0
5700,7956,7621.163023232286,1.0,0.04399686967787531,8.648221453822641,0,0,1
5800,8006,7723.771091345035,1.0,0.036541886413606964,8.66561319653451,1,0,1
5900,7946,7826.0326751597295,1.0,0.01545302949984876,8.68270762989381,-1,0,-1
6000,8217,7927.955302966243,1.0,0.03658194713983266,8.699514748210191,0,0,1
6100,8270,8029.546214916478,1.0,0.029996061745973843,8.716044050161402,1,0,-1
6200,8356,8130.812378629928,1.0,0.02778888844933771,8.732304571033183,-1,0,-1
6300,8573,8231.760503714831,1.0,0.041541541349461406,8.748304912379623,0,0,0
6400,8721,8332.397055296387,1.0,0.04670292391956044,8.764053269347762,1,0,1
6500,8826,8432.728266634418,1.0,0.046720562678918366,8.779557455883728,-1,0,1
6600,8788,8532.76015090484,1.0,0.03002423247933517,8.794824928014517,0,0,-1
6700,8945,8632.498512212285,1.0,0.036278108516476074,8.809862805379057,1,0,1
6800,9112,8731.948955894737,1.0,0.04353927598667928,8.824677891164198,-1,0,-1
6900,9278,8831.116898175542,1.0,0.05070583462293923,8.83927669058535,0,0,-1
7000,9257,8930.007575212956,1.0,0.036722611014343196,8.85366542803745,1,0,0
7100,9390,9028.626051592955,1.0,0.04004335974480743,8.867850063029406,-1,0,1
7200,9410,9126.977228306963,1.0,0.031033671275885258,8.881836305004146,0,0,1
7300,9503,9225.065850252422,1.0,0.030141410422260255,8.895629627136483,1,0,-1
7400,9789,9322.896513290987,1.0,0.050049874265214345,8.909235279192261,-1,0,1
7500,9939,9420.473670895992,1.0,0.055134651235304186,8.922658299524402,0,0,-1
7600,9901,9517.801640418355,1.0,0.04034357979348146,8.935903526274423,1,0,-1
7700,10100,9614.884608997498,1.0,0.05045591216826515,8.948975607841776,-1,0,0
7800,10132,9711.726639141805,1.0,0.04328422897970318,8.961879012677683,0,0,1
7900,10125,9808.331674001074,1.0,0.032381356158576784,8.974618038455112,1,0,1
8000,10316,9904.70354235168,1.0,0.041556637774416635,8.987196820661973,-1,0,-1
8100,10524,10000.845963313528,1.0,0.05240669500413583,8.99961934066053,0,0,1
8200,10457,10096.762550816295,1.0,0.035752456859519756,9.011889433252344,1,0,-1
8300,10710,10192.456817831298,1.0,0.05086787952259897,9.02401079378469,-1,0,-1
8400,10372,10287.9321803839,1.0,0.00818439336838636,9.035986984831405,0,0,0
8500,10817,10383.191961360317,1.0,0.04183152306454026,9.047821442478408,1,0,1
8600,10832,10478.239394121736,1.0,0.033801320750509734,9.0595174822416,-1,0,1
8700,10883,10573.077625937525,1.0,0.029360902415950713,9.071078304642676,0,0,-1
8800,11017,10667.709721248693,1.0,0.03280106653020394,9.082507000466299,1,0,1
8900,10887,10762.13866477173,1.0,0.011659687730105641,9.093806555720231,-1,0,-1
9000,11172,10856.367364452399,1.0,0.02911366798905919,9.104979856318357,0,0,-1
9100,11331,10950.398654278322,1.0,0.03478001502536687,9.116029692504942,1,0,0
9200,11552,11044.23529695859,1.0,0.04600720310558897,9.126958763037132,-1,0,1
9300,11429,11137.879986478056,1.0,0.026180449242800836,9.137769679141348,0,0,1
9400,11495,11231.335350533482,1.0,0.023520858961549544,9.148464968258095,1,0,-1
9500,11629,11324.603952858157,1.0,0.026928813691803728,9.159047077588632,-1,0,1
9600,11891,11417.688295441318,1.0,0.04152745452967092,9.169518377455928,0,0,-1
9700,11926,11510.590820648073,1.0,0.03616166940757409,9.179881164491475,1,0,-1
9800,11929,11603.313913245322,1.0,0.0281372466692643,9.190137664658664,-1,0,0
9900,12154,11695.85990233879,1.0,0.039173902921555585,9.20029003612268,0,0,1
10000,12208,11788.231063225867,1.0,0.03564957264948913,9.210340371976184,1,0,1
10100,12415,11880.42961916881,1.0,0.04501959442765128,9.22029070282935,-1,0,-1
10200,12319,11972.45774309236,1.0,0.028969707281529023,9.230142999272362,0,0,1
10300,12466,12064.317559209881,1.0,0.033360055837050005,9.239899174217728,1,0,-1
10400,12561,12156.011144581544,1.0,0.03333883054909535,9.249561085129464,-1,0,-1
10500,12531,12247.540530608085,1.0,0.02321327898597757,9.259130536145614,0,0,0
10600,12849,12338.907704463403,1.0,0.041353099576685315,9.268609280100158,1,0,1
10700,12945,12430.11461046907,1.0,0.041491838503810816,9.277999020449997,-1,0,1
10800,13013,12521.163151413546,1.0,0.03936007725834088,9.287301413112312,0,0,-1
10900,13082,12612.055189818944,1.0,0.037322770520519716,9.296518068217235,1,0,1
11000,13030,12702.79254915776,1.0,0.02580189595290753,9.305650551780507,-1,0,-1
11100,13253,12793.377015022124,1.0,0.03596003156211677,9.314700387300425,0,0,-1
11200,13358,12883.810336247687,1.0,0.036872203212760836,9.323669057283185,1,0,0
11300,13393,12974.09422599443,1.0,0.03233083430735525,9.332558004700433,-1,0,1
11400,13570,13064.230362786353,1.0,0.038717094369071725,9.341368634382587,0,0,1
11500,13736,13154.22039151189,1.0,0.04427077110096882,9.350102314351341,1,0,-1
11600,14024,13244.06592438704,1.0,0.058919369050280654,9.358760377094455,-1,0,1
11700,13887,13333.768541882713,1.0,0.04156142083551873,9.367344120785848,0,0,-1
11800,13988,13423.329793618084,1.0,0.04208497453071244,9.375854810453756,1,0,-1
11900,14031,13512.751199221337,1.0,0.03840008414728769,9.38429367909962,-1,0,0
12000,13867,13602.034249159387,1.0,0.019539313423685718,9.392661928770137,0,0,1
12100,14211,13691.180405537842,1.0,0.03799843462723758,9.400960731584833,1,0,1
12200,14308,13780.191102872588,1.0,0.03836351353065561,9.409191230721348,-1,0,-1
12300,14727,13869.067748834152,1.0,0.06185963549438931,9.417354541360508,0,0,1
12400,14442,13957.81172496609,1.0,0.0347453832558174,9.425451751593128,1,0,-1
12500,14595,14046.424387378494,1.0,0.03910945954676003,9.433483923290392,-1,0,-1
12600,14631,14134.907067417622,1.0,0.03516244332492462,9.441452092939569,0,0,0
12700,14553,14223.261072312704,1.0,0.023236139641671386,9.449357272446683,1,0,1
12800,14966,14311.487685800883,1.0,0.045769245230698204,9.457200449907708,-1,0,1
12900,14994,14399.588168731163,1.0,0.041289813243432484,9.464982590349763,0,0,-1
13000,15083,14487.56375964825,1.0,0.041127878836234685,9.472704636443673,1,0,1
13100,14919,14575.415675357088,1.0,0.023594168735456937,9.480367509189243,-1,0,-1
13200,15340,14663.145111468895,1.0,0.04621518280428981,9.487972108574462,0,0,-1
13300,15011,14750.75324292942,1.0,0.01770141354223547,9.495519314209846,1,0,0
13400,15389,14838.241224530137,1.0,0.037158885052172304,9.503009985939002,-1,0,1
13500,15713,14925.610191403046,1.0,0.052806604881045854,9.51044496442652,0,0,1
13600,15322,15012.861259499754,1.0,0.02065281321773759,9.517825071724143,1,0,-1
13700,15471,15099.995526055405,1.0,0.02459817442411235,9.525151111816216,-1,0,1
13800,15657,15187.014070038053,1.0,0.031009350094665995,9.532423871145296,0,0,-1
13900,15652,15273.917952584085,1.0,0.0247797533734322,9.539644119118783,1,0,-1
14000,15578,15360.708217420157,1.0,0.01416024940349318,9.546812608597396,-1,0,0
14100,15914,15447.385891272193,1.0,0.030255751846869926,9.55393007636626,0,0,1
14200,15827,15533.951984261956,1.0,0.01890082986685787,9.560997243589352,1,0,1
14300,16155,15620.407490291556,1.0,0.03426319136373756,9.568014816247999,-1,0,-1
14400,16026,15706.753387416511,1.0,0.020384767636896665,9.574983485564092,0,0,1
14500,16506,15792.990638207577,1.0,0.04517670182155017,9.581903928408666,1,0,-1
14600,16228,15879.120190101949,1.0,0.021987651185921463,9.588776807696428,-1,0,-1
14700,16392,15965.14297574407,1.0,0.026784398222690513,9.595602772766828,0,0,0
14800,16666,16051.059913316525,1.0,0.038364233046842236,9.602382459752207,1,0,1
14900,16430,16136.87190686132,1.0,0.018180630368988943,9.60911649193355,-1,0,1
15000,16758,16222.579846591902,1.0,0.033056970329170876,9.615805480084347,0,0,-1
15100,17028,16308.184609196249,1.0,0.04417631377320792,9.622450022803015,1,0,1
15200,16645,16393.68705813133,1.0,0.015378373431528338,9.629050706834368,-1,0,-1
15300,17033,16479.0880439093,1.0,0.03366994733837299,9.635608107380527,0,0,-1
15400,17141,16564.38840437557,1.0,0.03481113271465787,9.642122788401721,1,0,0
15500,17322,16649.58896497923,1.0,0.040433698963093276,9.648595302907339,-1,0,1
15600,17080,16734.690539035902,1.0,0.02065977580825395,9.655026193237628,0,0,1
15700,17160,16819.693927983386,1.0,0.020245388301457994,9.6614159913364,1,0,-1
15800,17565,16904.59992163036,1.0,0.03909317642870813,9.667765219015058,-1,0,1
15900,17622,16989.40929839824,1.0,0.03726691716577057,9.674074388208323,0,0,-1
16000,17709,17074.122825556577,1.0,0.037221298751756,9.680344001221918,1,0,-1
16100,17820,17158.7412594521,1.0,0.038592770884773496,9.686574550972555,-1,0,0
16200,17738,17243.265345731703,1.0,0.028729370094634485,9.692766521220475,0,0,1
16300,17990,17327.695819559445,1.0,0.03823986517827306,9.698920386794853,1,0,1
16400,18094,17412.033405827908,1.0,0.03921931574862291,9.70503661381229,-1,0,-1
16500,18012,17496.278819364,1.0,0.029497271792758357,9.711115659888671,0,0,1
16600,18558,17580.43276512938,1.0,0.05562926029202108,9.717157974344635,1,0,-1
16700,18406,17664.49593841576,1.0,0.042016940656911625,9.723163998404846,-1,0,-1
16800,18203,17748.4690250351,1.0,0.025647109915150807,9.72913416539135,0,0,0
16900,18623,17832.352701505057,1.0,0.04437996344139122,9.735068900911164,1,0,1
17000,18423,17916.1476352296,1.0,0.02829319813858599,9.740968623038354,-1,0,1
17100,18829,17999.854484675194,1.0,0.04610655395408397,9.746833742490752,0,0,-1
17200,18987,18083.473899542445,1.0,0.04998650615603277,9.752664662801545,1,0,1
17300,18717,18167.006520933544,1.0,0.03032700293301356,9.75846178048587,-1,0,-1
17400,19131,18250.45298151553,1.0,0.04826881589853847,9.764225485202621,0,0,-1
17500,19119,18333.81390567953,1.0,0.04283179398178358,9.769956159911606,1,0,0
17600,19281,18417.089909696082,1.0,0.04696118898078849,9.775654181026242,-1,0,1
17700,19567,18500.28160186667,1.0,0.05771297690905274,9.78131991856192,0,0,1
17800,19257,18583.38958267164,1.0,0.03626387107569832,9.786953736280177,1,0,-1
17900,19247,18666.41444491448,1.0,0.03112192307750522,9.792555991828847,-1,0,1
18000,19305,18749.356773862666,1.0,0.02967526432212685,9.798127036878302,0,0,-1
18100,19402,18832.217147385178,1.0,0.030293955440278186,9.803667217253917,1,0,-1
18200,19624,18914.996136086695,1.0,0.037534308836509336,9.809176873064887,-1,0,0
18300,19786,18997.694303438722,1.0,0.04154296844906222,9.814656338829513,0,0,1
18400,19856,19080.312205907554,1.0,0.04069870354598553,9.820105943597078,1,0,1
18500,20043,19162.85039307929,1.0,0.04597968634481912,9.825526011066415,-1,0,-1
18600,19968,19245.309407781937,1.0,0.03759123483247315,9.830916859701293,0,0,1
18700,20327,19327.689786204774,1.0,0.051728906262126055,9.836278802842678,1,0,-1
18800,20074,19409.99205801482,1.0,0.0342600960570698,9.84161214881804,-1,0,-1
18900,20735,19492.216746470815,1.0,0.06380403087491453,9.846917201047734,0,0,0
19000,20407,19574.364368534505,1.0,0.042539141802143327,9.852194258148577,1,0,1
19100,20194,19656.435434979438,1.0,0.0273773936058534,9.857443614034722,-1,0,1
19200,20229,19738.430450497366,1.0,0.02489486090135847,9.862665558015873,0,0,-1
19300,20614,19820.34991380219,1.0,0.040073601510484565,9.867860374892977,1,0,1
19400,20552,19902.194317731664,1.0,0.032651577927330505,9.87302834505142,-1,0,-1
19500,20816,19983.964149346808,1.0,0.041657730587385096,9.878169744551839,0,0,-1
19600,20845,20065.659890029157,1.0,0.038877749585923375,9.883284845218608,1,0,0
19700,20813,20147.28201557586,1.0,0.03304276815430662,9.88837391472608,-1,0,1
19800,20733,20228.83099629276,1.0,0.02492871148778891,9.893437216682626,0,0,1
19900,20673,20310.307297085383,1.0,0.01787550060247264,9.898475010712584,1,0,-1
20000,20966,20391.711377548036,1.0,0.02818965179559178,9.903487552536127,-1,0,1
20100,21309,20473.043692050927,1.0,0.04085483229675414,9.908475094047168,0,0,-1
20200,21254,20554.304689825512,1.0,0.034074681774042784,9.913437883389296,1,0,-1
20300,21030,20635.494815047936,1.0,0.01912768187461883,9.918376165029878,-1,0,0
20400,21399,20716.614506920796,1.0,0.032978118642718095,9.923290179832307,0,0,1
20500,21520,20797.664199753097,1.0,0.034772042222124815,9.9281801651265,1,0,1
20600,21333,20878.64432303867,1.0,0.021765489109079585,9.933046354777673,-1,0,-1
20700,21626,20959.55530153278,1.0,0.03184037053932916,9.93788897925346,0,0,1
20800,21684,21040.397555327276,1.0,0.03059925397912163,9.94270826568941,1,0,-1
20900,21508,21121.171499924207,1.0,0.018317535877905085,9.947504437952903,-1,0,-1
21000,21903,21201.8775463078,1.0,0.03307214409129218,9.95227771670556,0,0,0
21100,22024,21282.516101015084,1.0,0.034866941997800445,9.957028319464158,1,0,1
21200,22214,21363.087566205053,1.0,0.03987296466277766,9.961756460660103,-1,0,1
21300,22288,21443.59233972639,1.0,0.03938299160283058,9.966462351697517,0,0,-1
21400,21844,21524.03081518389,1.0,0.01489049353956884,9.971146201009942,1,0,1
21500,22017,21604.403382003482,1.0,0.019131284813465176,9.975808214115753,-1,0,-1
21600,22411,21684.710425496007,1.0,0.03352270419055316,9.980448593672257,0,0,-1
21700,22491,21764.952326919763,1.0,0.03339373562949286,9.98506753952855,1,0,0
21800,22572,21845.129463541674,1.0,0.03331073141072424,9.98966524877718,-1,0,1
21900,23385,21925.24220869743,1.0,0.06661285514466687,9.994241915804592,0,0,1
22000,22747,22005.290931850326,1.0,0.03374060232478729,9.998797732340453,1,0,-1
22100,22954,22085.275998649016,1.0,0.039354259472118104,10.003332887505843,-1,0,1
22200,22996,22165.197770984116,1.0,0.03752606980143158,10.00784756786037,0,0,-1
22300,23012,22245.05660704375,1.0,0.03450767164211545,10.01234195744821,1,0,-1
22400,22880,22324.852861367985,1.0,0.024868670056737756,10.01681623784313,-1,0,0
22500,23203,22404.586884902237,1.0,0.035658120812657144,10.021270588192511,0,0,1
22600,22943,22484.25902504969,1.0,0.02040620339619324,10.025705185260378,1,0,1
22700,23147,22563.869625722713,1.0,0.025850691251458426,10.030120203469494,-1,0,-1
22800,23174,22643.419027393233,1.0,0.02346743263202323,10.034515814942532,0,0,1
22900,23387,22722.907567142276,1.0,0.029259087960347836,10.03889218954233,1,0,-1
23000,23981,22802.335578708502,1.0,0.05172256586757684,10.043249494911286,-1,0,-1
23100,23111,22881.703392535863,1.0,0.010054537885374103,10.047587896509885,0,0,0
23200,23781,22961.011335820374,1.0,0.03575575582346826,10.0519075576544,1,0,1
23300,23338,23040.259732556013,1.0,0.012945854498369557,10.056208639553791,-1,0,1
23400,23686,23119.44890357978,1.0,0.024546556290101645,10.060491301345794,0,0,-1
23500,24134,23198.57916661597,1.0,0.040360323330578124,10.06475570013225,1,0,1
23600,23983,23277.65083631955,1.0,0.030329694160006297,10.069001991013701,-1,0,-1
23700,23803,23356.66422431882,1.0,0.019135690066612213,10.073230327123223,0,0,-1
23800,23974,23435.61963925731,1.0,0.022995528705371724,10.077440859659566,1,0,0
23900,24388,23514.517386834847,1.0,0.037188159939252355,10.081633737919603,-1,0,1
24000,24144,23593.35776984799,1.0,0.023339317906196554,10.085809109330082,0,0,1
24100,24454,23672.141088229633,1.0,0.033064549094767734,10.089967119478747,1,0,-1
24200,24501,23750.867639088014,1.0,0.031617829250562494,10.094107912144779,-1,0,1
24300,24423,23829.53771674495,1.0,0.02491241817438352,10.09823162932864,0,0,-1
24400,25178,23908.151612773392,1.0,0.05313733741013559,10.102338411281293,1,0,-1
24500,24905,23986.709616034444,1.0,0.03830873635495055,10.106428396532818,-1,0,0
24600,24353,24065.212012713557,1.0,0.011990968221907821,10.110501721920453,0,0,1
24700,24973,24143.659086356227,1.0,0.03438002303324385,10.114558522616068,1,0,1
24800,24855,24222.051117903036,1.0,0.02616999710767708,10.118598932153073,-1,0,-1
24900,25310,24300.38838572405,1.0,0.041582952673757057,10.1226230824528,0,0,1
25000,24997,24378.671165652668,1.0,0.025401648728065707,10.126631103850338,1,0,-1
25100,25250,24456.89973101888,1.0,0.03244433742486333,10.130623125119875,-1,0,-1
25200,25489,24535.074352681975,1.0,0.03890218737953818,10.134599273499514,0,0,0
25300,25665,24613.19529906262,1.0,0.04276543472262248,10.138559674715612,1,0,1
25400,25243,24691.262836174526,1.0,0.02235466290155139,10.142504453006628,-1,0,1
25500,25543,24769.277227655435,1.0,0.03125578914016406,10.146433731146518,0,0,-1
25600,25594,24847.238734797695,1.0,0.03008724282653351,10.150347630467653,1,0,1
25700,25636,24925.14761657825,1.0,0.028531344085023013,10.154246270883311,-1,0,-1
25800,26326,25003.00412968823,1.0,0.052938529116764096,10.158129770909708,0,0,-1
25900,26072,25080.808528561894,1.0,0.039543966406918506,10.16199824768763,1,0,0
26000,25739,25158.561065405258,1.0,0.023085726536093303,10.165851817003619,-1,0,1
26100,26373,25236.261990224135,1.0,0.04506333858189767,10.169690593310785,0,0,1
26200,26764,25313.91155085178,1.0,0.0572856930604575,10.173514689749188,1,0,-1
26300,26573,25391.509992976054,1.0,0.046557018334560926,10.177324218165856,-1,0,1
26400,26008,25469.057560166148,1.0,0.021195328324934228,10.181119289134408,0,0,-1
26500,26356,25546.55449389887,1.0,0.03169142342310706,10.184900011974314,1,0,-1
26600,26888,25624.001033584544,1.0,0.049335373320221955,10.188666494769791,-1,0,0
26700,26464,25701.397416592437,1.0,0.0297095550973846,10.19241884438834,0,0,1
26800,26844,25778.743878275804,1.0,0.041331691810969934,10.196157166498947,1,0,1
26900,27012,25856.040651996547,1.0,0.04473415576298141,10.19988156558993,-1,0,-1
27000,26654,25933.28796914946,1.0,0.027799748178638468,10.203592144986466,0,0,1
27100,26960,26010.4860591861,1.0,0.03654184637901847,10.207289006867793,1,0,-1
27200,26212,26087.63514963828,1.0,0.004779211049481361,10.210972252284089,-1,0,-1
27300,26870,26164.73546614118,1.0,0.02698949598503246,10.21464198117305,0,0,0
27400,27153,26241.7872324561,1.0,0.034735885259087565,10.218298292376161,1,0,1
27500,26971,26318.790670492886,1.0,0.024798674811767712,10.221941283654663,-1,0,1
27600,27810,26395.74600033199,1.0,0.05360237911894776,10.225571051705241,0,0,-1
27700,27080,26472.653440246126,1.0,0.022965539407019283,10.22918769217543,1,0,1
27800,27421,26549.513206721702,1.0,0.03284226397112812,10.232791299678729,-1,0,-1
27900,27651,26626.325514479857,1.0,0.03851311130857261,10.236381967809457,0,0,-1
28000,28080,26703.090576497158,1.0,0.05156887903795257,10.239959789157341,1,0,0
28100,27388,26779.808604026042,1.0,0.02273564110167687,10.243524855321837,-1,0,1
28200,28163,26856.47980661488,1.0,0.0486519521377017,10.247077256926206,0,0,1
28300,27930,26933.104392127807,1.0,0.03703691882419168,10.25061708363133,1,0,-1
28400,27739,27009.682566764168,1.0,0.0270223079395642,10.254144424149297,-1,0,1
28500,28206,27086.214535077732,1.0,0.0413501026790303,10.257659366256743,0,0,-1
28600,28211,27162.700499995648,1.0,0.03860056237648175,10.261161996807944,1,0,-1
28700,28069,27239.140662836984,1.0,0.030478295567773265,10.264652401747712,-1,0,0
28800,28327,27315.535223331157,1.0,0.037038982210899414,10.268130666124037,0,0,1
28900,28277,27391.88437963594,1.0,0.03233873495739971,10.271596874100524,1,0,1
29000,28489,27468.188328355354,1.0,0.037168797237288775,10.275051108968611,-1,0,-1
29100,28714,27544.44726455712,1.0,0.04248797228448193,10.278493453159584,0,0,1
29200,29044,27620.66138179,1.0,0.051551623353180066,10.281923988256374,1,0,-1
29300,28337,27696.83087210084,1.0,0.023130308715441614,10.285342795005159,-1,0,-1
29400,29346,27772.955926051312,1.0,0.056648506315706754,10.288749953326773,0,0,0
29500,28283,27849.03673273449,1.0,0.015600194409170032,10.292145542327912,1,0,1
29600,28857,27925.07347979115,1.0,0.03339981060809333,10.295529640312152,-1,0,1
29700,29137,28001.066353425795,1.0,0.04059161681083379,10.298902324790792,0,0,-1
29800,29124,28077.015538422544,1.0,0.03730385038335408,10.302263672493496,1,0,1
29900,28942,28152.921218160693,1.0,0.028047640690198092,10.305613759378778,-1,0,-1
30000,29131,28228.78357463012,1.0,0.031969850667312436,10.308952660644293,0,0,-1
30100,29122,28304.60278844645,1.0,0.028893751261581183,10.312280450736967,1,0,0
30200,29166,28380.37903886599,1.0,0.027699567646090162,10.31559720336296,-1,0,1
30300,29647,28456.112503800476,1.0,0.04185597375858524,10.31890299149746,0,0,1
30400,29578,28531.80335983157,1.0,0.036694641619079676,10.322197887394314,1,0,-1
30500,29350,28607.451782225253,1.0,0.025958231142413128,10.325481962595504,-1,0,1
30600,29877,28683.057944945867,1.0,0.0416449779859819,10.328755287940472,0,0,-1
30700,29779,28758.622020670085,1.0,0.03548293826278726,10.332017933575289,1,0,-1
30800,29996,28834.14418080062,1.0,0.040299333103845814,10.335269968961667,-1,0,0
30900,30014,28909.624595479803,1.0,0.038228060120762186,10.338511462885837,0,0,1
31000,29663,28985.06343360287,1.0,0.023403649828352607,10.341742483467284,1,0,1
31100,29811,29060.4608628312,1.0,0.025854854538695425,10.344963098167325,-1,0,-1
31200,30263,29135.817049605237,1.0,0.038694361067616555,10.348173373797573,0,0,1
31300,30294,29211.132159157365,1.0,0.03709203035508151,10.351373376528244,1,0,-1
31400,30181,29286.406355524472,1.0,0.030548793107771064,10.354563171896345,-1,0,-1
31500,30292,29361.63980156047,1.0,0.03170356679331932,10.357742824813725,0,0,0
31600,30705,29436.832658948562,1.0,0.04308283952895839,10.360912399575003,1,0,1
31700,30225,29511.985088213343,1.0,0.024170185774420382,10.364071959865372,-1,0,1
31800,30632,29587.09724873281,1.0,0.03534077794865352,10.367221568768269,0,0,-1
31900,30481,29662.16929875015,1.0,0.027636347001935027,10.370361288772935,1,0,1
32000,30548,29737.20139538532,1.0,0.027274850518567588,10.373491181781864,-1,0,-1
32100,31011,29812.193694646652,1.0,0.04023807923792188,10.376611309118108,0,0,-1
32200,31002,29887.146351442076,1.0,0.03730870545528032,10.3797217315325,1,0,0
32300,31070,29962.059519590373,1.0,0.03699976070552446,10.382822509210747,-1,0,1
32400,31290,30036.93335183215,1.0,0.041735757824233735,10.38591370178042,0,0,1
32500,30976,30111.767999840806,1.0,0.028713772106396633,10.388995368317829,1,0,-1
32600,31247,30186.563614233215,1.0,0.03515274478963682,10.392067567354799,-1,0,1
32700,31019,30261.32034458035,1.0,0.025066988527428766,10.395130356885344,0,0,-1
32800,31284,30336.03833941775,1.0,0.03125494559140273,10.398183794372235,1,0,-1
32900,31218,30410.71774625588,1.0,0.02656287084521271,10.401227936753463,-1,0,0
33000,31360,30485.358711590252,1.0,0.028692865126010315,10.404262840448617,0,0,1
33100,31584,30559.96138091155,1.0,0.033540839012240455,10.407288561365155,1,0,1
33200,31225,30634.525898715587,1.0,0.019281341870772635,10.410305154904579,-1,0,-1
33300,32191,30709.052408512987,1.0,0.0482697586339591,10.413312675968536,0,0,1
33400,31312,30783.541052839035,1.0,0.01717623021530396,10.416311178964792,1,0,-1
33500,31320,30857.991973263084,1.0,0.014993324089132457,10.419300717813158,-1,0,-1
33600,32127,30932.40531039807,1.0,0.038623503678039586,10.422281345951296,0,0,0
33700,32088,31006.78120390981,1.0,0.034874659280580776,10.425253116340453,1,0,1
33800,32110,31081.11979252617,1.0,0.03312337854224649,10.42821608147111,-1,0,1
33900,32186,31155.421214046175,1.0,0.033098336144206424,10.431170293368542,0,0,-1
34000,32061,31229.68560534897,1.0,0.02663369297414172,10.4341158035983,1,0,1
34100,31859,31303.91310240265,1.0,0.017733486511451825,10.437052663271608,-1,0,-1
34200,32238,31378.103840273023,1.0,0.02742253098009932,10.439980923050696,0,0,-1
34300,32076,31452.257953132204,1.0,0.01985989006750989,10.442900633154032,1,0,0
34400,32672,31526.37557426721,1.0,0.036358259401137856,10.44581184336149,-1,0,1
34500,32394,31600.456836088302,1.0,0.025120528597641977,10.448714603019452,0,0,1
34600,32255,31674.50187013733,1.0,0.018328594855545166,10.451608961045816,1,0,-1
34700,32490,31748.51080709595,1.0,0.02337052211199217,10.45449496593495,-1,0,1
34800,32800,31822.483776793702,1.0,0.030722770322375435,10.457372665762566,0,0,-1
34900,32565,31896.420908216085,1.0,0.020973446733308164,10.460242108190519,1,0,-1
35000,32559,31970.32232951239,1.0,0.01841377355726351,10.46310334047155,-1,0,0
35100,32976,32044.188168003537,1.0,0.029106059475561177,10.465956409453957,0,0,1
35200,33054,32118.018550189845,1.0,0.029159852070821307,10.468801361586188,1,0,1
35300,32890,32191.81360175859,1.0,0.021689396490967128,10.471638242921388,-1,0,-1
35400,32978,32265.573447591592,1.0,0.02210457333057204,10.474467099121865,0,0,1
35500,33283,32339.298211772584,1.0,0.029198903631461926,10.477287975463508,1,0,-1
35600,32817,32412.98801759467,1.0,0.01246815248473487,10.480100916840122,-1,0,-1
35700,32907,32486.642987567506,1.0,0.012951908653142531,10.48290596776773,0,0,0
35800,33209,32560.263243424466,1.0,0.01992642014130964,10.485703172388792,1,0,1
35900,33451,32633.84890612984,1.0,0.025067270856350153,10.48849257447637,-1,0,1
36000,33701,32707.400095885703,1.0,0.030408053193828843,10.491274217438248,0,0,-1
36100,34162,32780.916932138956,1.0,0.04215591405855384,10.494048144320972,1,0,1
36200,34040,32854.39953358809,1.0,0.03608823914196922,10.496814397813862,-1,0,-1
36300,33784,32927.84801818998,1.0,0.0260272367041412,10.499573020252942,0,0,-1
36400,33910,33001.26250316655,1.0,0.0275568928929316,10.502324053624832,1,0,0
36500,33664,33074.64310501142,1.0,0.017847408842847336,10.505067539570582,-1,0,1
36600,34070,33147.98993949635,1.0,0.027818189215482098,10.507803519389457,0,0,1
36700,34060,33221.30312167777,1.0,0.025252074673990276,10.510532034042662,1,0,-1
36800,34343,33294.58276590309,1.0,0.031505657664581445,10.513253124157023,-1,0,1
36900,34040,33367.828985817076,1.0,0.02015018897619734,10.515966830028619,0,0,-1
37000,34570,33441.041894368,1.0,0.03376394728494385,10.51867319162636,1,0,-1
37100,34990,33514.22160381381,1.0,0.04404955204227242,10.521372248595526,-1,0,0
37200,34520,33587.36822572825,1.0,0.02778967696405485,10.524064040261237,0,0,1
37300,34773,33660.48187100686,1.0,0.03305268220035207,10.526748605631907,1,0,1
37400,34951,33733.5626498729,1.0,0.036098197572009605,10.529425983402623,-1,0,-1
37500,34663,33806.61067188326,1.0,0.025348386243888632,10.532096211958502,0,0,1
37600,34955,33879.62604593422,1.0,0.03176772395109997,10.534759329377986,1,0,-1
37700,34965,33952.60888026725,1.0,0.02982104054236489,10.537415373436103,-1,0,-1
37800,35074,34025.55928247466,1.0,0.030842039047243846,10.54006438160768,0,0,0
37900,34859,34098.47735950524,1.0,0.022306921672580665,10.542706391070517,1,0,1
38000,35212,34171.363217669736,1.0,0.03045517969041802,10.545341438708522,-1,0,1
38100,35455,34244.216962646446,1.0,0.03536417497401753,10.547969561114792,0,0,-1
38200,35863,34317.03869948656,1.0,0.04507053858980033,10.550590794594667,1,0,1
38300,35776,34389.8285326196,1.0,0.040327260523048115,10.553205175168737,-1,0,-1
38400,36269,34462.586565858626,1.0,0.052442111478252534,10.555812738575819,0,0,-1
38500,35343,34535.312902405625,1.0,0.023412579335029722,10.558413520275876,1,0,0
38600,35991,34608.00764485655,1.0,0.039984814579833466,10.561007555452923,-1,0,1
38700,35834,34680.670895206575,1.0,0.03327012200219036,10.563594879017874,0,0,1
38800,36612,34753.30275485508,1.0,0.05350912459235885,10.566175525611365,1,0,-1
38900,35651,34825.903324610736,1.0,0.023701568474125,10.568749529606537,-1,0,1
39000,35720,34898.4727046964,1.0,0.02355961921670049,10.571316925111784,0,0,-1
39100,35884,34971.010994754135,1.0,0.0261337997929292,10.573877745973457,1,0,-1
39200,35431,35043.51829384991,1.0,0.0110580367585677,10.576432025778553,-1,0,0
39300,36071,35115.99470047857,1.0,0.027206872542001038,10.578979797857352,0,0,1
39400,36069,35188.44031256846,1.0,0.02503847297604439,10.581521095286025,1,0,1
39500,36470,35260.855227486165,1.0,0.034296854846371176,10.584055950889214,-1,0,-1
39600,36618,35333.239542041214,1.0,0.03637113275875686,10.586584397242571,0,0,1
39700,37242,35405.59335249056,1.0,0.05187327987427935,10.589106466675283,1,0,-1
39800,36995,35477.916754543265,1.0,0.04277096055775476,10.59162219127253,-1,0,-1
39900,36533,35550.20984336487,1.0,0.027649804341586443,10.594131602877955,0,0,0
40000,36498,35622.47271358196,1.0,0.02458360295157867,10.596634733096073,1,0,1
40100,37073,35694.705459286466,1.0,0.038632468531299646,10.599131613294661,-1,0,1
40200,36505,35766.90817404012,1.0,0.020652925057571873,10.601622274607113,0,0,-1
40300,37713,35839.08095087871,1.0,0.052308119571950557,10.604106747934773,1,0,1
40400,37560,35911.22388231631,1.0,0.04592235032218727,10.606585063949241,-1,0,-1
40500,37047,35983.3370603496,1.0,0.02956660686115718,10.60905725309463,0,0,-1
40600,36677,36055.420576461955,1.0,0.017253290850944448,10.611523345589823,1,0,0
40700,37863,36127.47452162759,1.0,0.04804535939815036,10.613983371430686,-1,0,1
40800,37411,36199.498986315724,1.0,0.033478838620607555,10.616437360392252,0,0,1
40900,37980,36271.49406049449,1.0,0.04711548558156197,10.618885342030893,1,0,-1
41000,37030,36343.459833635075,1.0,0.01890150425663418,10.621327345686446,-1,0,1
41100,37469,36415.3963947156,1.0,0.02895575798512988,10.623763400484325,0,0,-1
41200,37768,36487.30383222503,1.0,0.03510084454387685,10.626193535337618,1,0,-1
41300,37861,36559.182234167136,1.0,0.03561219473518022,10.628617778949124,-1,0,0
41400,37756,36631.03168806424,1.0,0.030730714183659108,10.631036159813405,0,0,1
41500,38227,36702.85228096107,1.0,0.041543771062124285,10.63344870621879,1,0,1
41600,37683,36774.64409942852,1.0,0.02471782384661042,10.635855446249355,-1,0,-1
41700,38100,36846.40722956735,1.0,0.03404378097611226,10.638256407786892,0,0,1
41800,38274,36918.14175701185,1.0,0.03673881569540089,10.640651618512848,1,0,-1
41900,38496,36989.84776693358,1.0,0.040743218529980835,10.643041105910228,-1,0,-1
42000,38646,37061.52534404483,1.0,0.042772595189101634,10.645424897265505,0,0,0
42100,38041,37133.17457260233,1.0,0.024462251957663262,10.647803019670473,1,0,1
42200,37964,37204.79553641075,1.0,0.020414339350058833,10.650175500024103,-1,0,1
42300,39087,37276.38831882612,1.0,0.04857361718303053,10.65254236503437,0,0,-1
42400,38810,37347.9530027594,1.0,0.03915590119229742,10.654903641220049,1,0,1
42500,38481,37419.489670679846,1.0,0.028378342870309034,10.657259354912508,-1,0,-1
42600,39418,37490.99840461845,1.0,0.05139970734492855,10.659609532257463,0,0,-1
42700,38954,37562.479286171256,1.0,0.037064448795346955,10.661954199216716,1,0,0
42800,39429,37633.93239650271,1.0,0.04771473406120798,10.664293381569887,-1,0,1
42900,39085,37705.357816348944,1.0,0.03660556707319925,10.666627104916108,0,0,1
43000,39912,37776.755626021084,1.0,0.056541063035730976,10.668955394675699,1,0,-1
43100,39872,37848.1259054084,1.0,0.05348480218245253,10.671278276091838,-1,0,1
43200,39187,37919.46873398154,1.0,0.03343420325370837,10.673595774232203,0,0,-1
43300,39724,37990.78419079578,1.0,0.04562668428905247,10.675907913990581,1,0,-1
43400,39673,38062.072354493976,1.0,0.04234658678250365,10.678214720088496,-1,0,0
43500,40023,38133.333303309824,1.0,0.04955576646121747,10.680516217076775,0,0,1
43600,39205,38204.56711507086,1.0,0.02619166468049976,10.682812429337126,1,0,1
43700,39908,38275.77386720156,1.0,0.04266774573982174,10.685103381083682,-1,0,-1
43800,40124,38346.95363672627,1.0,0.046352754766955266,10.687389096364537,0,0,1
43900,39114,38418.10650027224,1.0,0.018137408804506518,10.689669599063263,1,0,-1
44000,39406,38489.23253407262,1.0,0.023843599937585554,10.691944912900398,-1,0,-1
44100,39147,38560.33181396927,1.0,0.015230409278320343,10.694215061434937,0,0,0
44200,39901,38631.4044154158,1.0,0.03287045447622941,10.696480068065789,1,0,1
44300,40354,38702.450413480285,1.0,0.042677068146338405,10.698739956033227,-1,0,1
44400,40729,38773.46988284828,1.0,0.05045775900849432,10.700994748420316,0,0,-1
44500,40246,38844.46289782548,1.0,0.03610319219397368,10.703244468154331,1,0,1
44600,40922,38915.42953234057,1.0,0.05157206520914936,10.705489138008156,-1,0,-1
44700,39820,38986.369859948034,1.0,0.021404269884213838,10.707728780601661,0,0,-1
44800,39763,39057.283953830825,1.0,0.0180866472946347,10.709963418403076,1,0,0
44900,40477,39128.17188680305,1.0,0.034476100703264456,10.712193073730345,-1,0,1
45000,40719,39199.033731312746,1.0,0.0387793661966388,10.714417768752456,0,0,1
45100,40625,39269.86955944445,1.0,0.034515038278204145,10.71663752549077,1,0,-1
45200,39894,39340.679442921886,1.0,0.01406709351252313,10.718852365820323,-1,0,1
45300,40741,39411.46345311057,1.0,0.03374621471978656,10.721062311471126,0,0,-1
45400,40330,39482.221661020325,1.0,0.02148511203053315,10.72326738402944,1,0,-1
45500,41179,39552.954137307934,1.0,0.04111553740125222,10.725467604939041,-1,0,0
45600,41128,39623.66095227959,1.0,0.03797053585786262,10.727662995502477,0,0,1
45700,40678,39694.342175893486,1.0,0.02478835913109084,10.729853576882297,1,0,1
45800,40915,39764.997877762245,1.0,0.028928080742398575,10.732039370102276,-1,0,-1
45900,40765,39835.62812715539,1.0,0.023351325703672838,10.734220396048636,0,0,1
46000,41230,39906.23299300181,1.0,0.03319062920355073,10.736396675471232,1,0,-1
46100,41705,39976.812543892156,1.0,0.043240182294042265,10.73856822898474,-1,0,-1
46200,40996,40047.366848081256,1.0,0.023700349712278947,10.74073507706983,0,0,0
46300,41661,40117.895973490464,1.0,0.038464572062730816,10.742897240074326,1,0,1
46400,41313,40188.39998771004,1.0,0.02798580738490749,10.745054738214346,-1,0,1
46500,41274,40258.87895800145,1.0,0.025221846790223677,10.747207591575448,0,0,-1
46600,41617,40329.3329512997,1.0,0.03194051342455895,10.749355820113736,1,0,1
46700,41309,40399.7620342156,1.0,0.022516821954022413,10.75149944365699,-1,0,-1
46800,41570,40470.16627303808,1.0,0.027189502653661227,10.753638481905739,0,0,-1
46900,41375,40540.54573373637,1.0,0.020602425939633545,10.75577295443437,1,0,0
47000,42726,40610.90048196224,1.0,0.05208226022893508,10.757902880692196,-1,0,1
47100,42009,40681.23058305229,1.0,0.032640179439214746,10.760028280004509,0,0,1
47200,41776,40751.536102029975,1.0,0.02514169069170386,10.762149171573647,1,0,-1
47300,42215,40821.81710360794,1.0,0.03412914902447744,10.764265574480024,-1,0,1
47400,42148,40892.073652190025,1.0,0.030715610813540833,10.766377507683169,0,0,-1
47500,42169,40962.30581187353,1.0,0.02947800828633743,10.768484990022733,1,0,-1
47600,42578,41032.51364645118,1.0,0.037677589422001785,10.770588040219511,-1,0,0
47700,42704,41102.69721941331,1.0,0.03895875556993596,10.772686676876432,0,0,1
47800,42240,41172.856593949895,1.0,0.025926092727906892,10.774780918479548,1,0,1
47900,42287,41242.99183295263,1.0,0.02532014793050091,10.776870783399007,-1,0,-1
48000,42477,41313.10299901695,1.0,0.028174969438286658,10.778956289890028,0,0,1
48100,41704,41383.19015444398,1.0,0.007753489046305707,10.781037456093852,1,0,-1
48200,42094,41453.25336124268,1.0,0.015468189469966732,10.783114300038692,-1,0,-1
48300,43355,41523.29268113168,1.0,0.04413655272076641,10.785186839640664,0,0,0
48400,43538,41593.3081755413,1.0,0.04676563158060876,10.787255092704724,1,0,1
48500,42816,41663.299905615546,1.0,0.027674295142300773,10.789319076925574,-1,0,1
48600,43226,41733.26793221392,1.0,0.03577960347623528,10.791378809888585,0,0,-1
48700,43181,41803.21231591342,1.0,0.032976709629825365,10.793434309070681,1,0,1
48800,44406,41873.133117010446,1.0,0.0605041031681951,10.795485591841238,-1,0,-1
48900,43652,41943.03039552257,1.0,0.040763158826338505,10.797532675462964,0,0,-1
49000,43195,42012.90421119053,1.0,0.028141488889882466,10.799575577092764,1,0,0
49100,42912,42082.754623479996,1.0,0.019719766688594702,10.801614313782611,-1,0,1
49200,42703,42152.58169158338,1.0,0.013066573943681197,10.803648902480399,0,0,1
49300,43532,42222.38547442173,1.0,0.031023005651737257,10.805679360030782,1,0,-1
49400,43192,42292.16603064647,1.0,0.021283764124753635,10.807705703176014,-1,0,1
49500,42975,42361.92341864116,1.0,0.014485308599032779,10.809727948556782,0,0,-1
49600,43369,42431.65769652336,1.0,0.022104462097121542,10.811746112713019,1,0,-1
49700,43250,42501.368922146255,1.0,0.01761892411796251,10.81376021208472,-1,0,0
49800,44494,42571.05715310046,1.0,0.04517199603358199,10.815770263012745,0,0,1
49900,44217,42640.72244671576,1.0,0.036985206896368576,10.81777628173961,1,0,1
50000,43904,42710.364860062764,1.0,0.02795945588961498,10.819778284410283,-1,0,-1
50100,44607,42779.984449954645,1.0,0.042711226593247546,10.821776287072955,0,0,1
50200,44073,42849.58127294876,1.0,0.028560385043507074,10.82377030567982,1,0,-1
50300,43736,42919.155385348386,1.0,0.01905117182214326,10.82576035608783,-1,0,-1
50400,44827,42988.706843204294,1.0,0.042775040106275405,10.82774645405946,0,0,0
50500,44471,43058.23570231643,1.0,0.03281523467498785,10.829728615263452,1,0,1
50600,43858,43127.74201823555,1.0,0.016938630011055333,10.831706855275558,-1,0,1
50700,44289,43197.22584626477,1.0,0.025295354713747137,10.833681189579275,0,0,-1
50800,44059,43266.68724146122,1.0,0.018332968926238907,10.835651633566574,1,0,1
50900,43906,43336.126258637574,1.0,0.013154388715126829,10.837618202538614,-1,0,-1
51000,44974,43405.542952363656,1.0,0.036140282397406645,10.839580911706463,0,0,-1
51100,45469,43474.93737696795,1.0,0.04587173943903522,10.841539776191796,1,0,0
51200,44097,43544.30958653923,1.0,0.012693964646284087,10.843494811027599,-1,0,1
51300,45018,43613.65963492796,1.0,0.03221445449742989,10.845446031158861,0,0,1
51400,44556,43682.98757574793,1.0,0.019986562871098883,10.847393451443256,1,0,-1
51500,44694,43752.29346237768,1.0,0.02153311326305954,10.849337086651827,-1,0,1
51600,44715,43821.577347962026,1.0,0.020395003056702953,10.851276951469654,0,0,-1
51700,44663,43890.83928541351,1.0,0.0175968481504472,10.85321306049652,1,0,-1
51800,45131,43960.07932741392,1.0,0.026643062856829988,10.855145428247575,-1,0,0
51900,44811,44029.29752641569,1.0,0.01777274930830387,10.85707406915398,0,0,1
52000,45364,44098.49393464336,1.0,0.028714568934147915,10.858998997563564,1,0,1
52100,45291,44167.66860409501,1.0,0.025438746412274185,10.860920227741458,-1,0,-1
52200,45275,44236.82158654367,1.0,0.02348617800065342,10.86283777387073,0,0,1
52300,45047,44305.952933538756,1.0,0.01673798165380342,10.864751650053014,1,0,-1
52400,45262,44375.062696407396,1.0,0.019987315548961097,10.866661870309134,-1,0,-1
52500,45922,44444.15092625592,1.0,0.03325382164524826,10.868568448579715,0,0,0
52600,45877,44513.21767397113,1.0,0.030657448189199955,10.870471398725801,1,0,1
52700,45287,44582.2629902217,1.0,0.015824590915381218,10.872370734529454,-1,0,1
52800,45836,44651.286925459564,1.0,0.026548844637995738,10.874266469694353,0,0,-1
52900,46197,44720.28952992119,1.0,0.03302829059498935,10.876158617846391,1,0,1
53000,45182,44789.270853628965,1.0,0.008782789642741682,10.87804719253426,-1,0,-1
53100,46243,44858.230946392476,1.0,0.03087639594430601,10.87993220723003,0,0,-1
53200,45771,44927.16985780982,1.0,0.018786037062846435,10.881813675329736,1,0,0
53300,46395,44996.08763726896,1.0,0.031091269092471716,10.883691610153935,-1,0,1
53400,45863,45064.98433394888,1.0,0.017729221275333353,10.885566024948286,0,0,1
53500,45463,45133.85999682102,1.0,0.00729303804207304,10.887436932884098,1,0,-1
53600,45611,45202.71467465043,1.0,0.009049987318667432,10.889304347058893,-1,0,1
53700,46439,45271.54841599708,1.0,0.025793308532425913,10.891168280496956,0,0,-1
53800,46605,45340.361269217065,1.0,0.02790021210066987,10.893028746149875,1,0,-1
53900,46147,45409.15328246388,1.0,0.016253813120815013,10.89488575689709,-1,0,0
54000,46918,45477.92450368965,1.0,0.03168034187344772,10.896739325546411,0,0,1
54100,45942,45546.6749806463,1.0,0.008680079332648603,10.898589464834572,1,0,1
54200,46739,45615.40476088677,1.0,0.024638746344108776,10.900436187427738,-1,0,-1
54300,46287,45684.11389176631,1.0,0.013197023227185778,10.902279505922026,0,0,1
54400,46612,45752.802420443506,1.0,0.018799814282294353,10.904119432844034,1,0,-1
54500,47003,45821.470393881595,1.0,0.02580647212743316,10.905955980651335,-1,0,-1
54600,46658,45890.11785884956,1.0,0.016745950412596185,10.907789161732996,0,0,0
54700,46948,45958.74486192333,1.0,0.02152538259927578,10.909618988410072,1,0,1
54800,47659,46027.351449486894,1.0,0.03545794025960321,10.911445472936107,-1,0,1
54900,47001,46095.93766773349,1.0,0.01965335071825508,10.913268627497622,0,0,-1
55000,47725,46164.50356266671,1.0,0.03380959206546509,10.915088464214607,1,0,1
55100,46889,46233.04918010158,1.0,0.01418910762440345,10.916904995141007,-1,0,-1
55200,47728,46301.57456566581,1.0,0.030820784575122176,10.918718232265187,0,0,-1
55300,48223,46370.07976480074,1.0,0.03997801307524881,10.920528187510426,1,0,0
55400,46479,46438.564822762564,1.0,0.000888437832402055,10.922334872735375,-1,0,1
55500,47329,46507.029784623315,1.0,0.01768141102769056,10.924138299734526,0,0,1
55600,48041,46575.474695272074,1.0,0.03146944177623515,10.925938480238674,1,0,-1
55700,47750,46643.89959941592,1.0,0.023719449678725683,10.927735425915376,-1,0,1
55800,48091,46712.30454158108,1.0,0.029515319961210026,10.929529148369403,0,0,-1
55900,47707,46780.68956611391,1.0,0.019820688896670557,10.93131965914319,1,0,-1
56000,48103,46849.05471718204,1.0,0.02678578592270777,10.933106969717286,-1,0,0
56100,48063,46917.40003877535,1.0,0.02442507538336486,10.934891091510787,0,0,1
56200,48758,46985.72557470698,1.0,0.037724183915276085,10.936672035881783,1,0,1
56300,48402,47054.03136861444,1.0,0.028657585493746154,10.938449814127782,-1,0,-1
56400,48515,47122.31746396058,1.0,0.029558856886439513,10.940224437486151,0,0,1
56500,48235,47190.58390403457,1.0,0.02213589346011835,10.941995917134532,1,0,-1
56600,48272,47258.83073195293,1.0,0.021452752612141836,10.943764264191275,-1,0,-1
56700,48372,47327.05799066058,1.0,0.022079641876221773,10.945529489715843,0,0,0
56800,48837,47395.26572293171,1.0,0.03042834866437201,10.947291604709243,1,0,1
56900,48524,47463.45397137089,1.0,0.022354717089418625,10.949050620114422,-1,0,1
57000,48935,47531.6227784139,1.0,0.029545112103330506,10.950806546816688,0,0,-1
57100,49860,47599.77218632887,1.0,0.047486175219415346,10.952559395644101,1,0,1
57200,49361,47667.90223721705,1.0,0.0355301544335054,10.95430917736789,-1,0,-1
57300,48864,47736.01297301392,1.0,0.02364728249081696,10.95605590270283,0,0,-1
57400,49668,47804.10443549002,1.0,0.039010070897277996,10.957799582307658,1,0,0
57500,48973,47872.17666625195,1.0,0.0230093279337175,10.959540226785442,-1,0,1
57600,48266,47940.22970674331,1.0,0.006802654622298808,10.961277846683982,0,0,1
57700,48833,48008.263598245554,1.0,0.017198455263356408,10.96301245249619,1,0,-1
57800,48493,48076.278381878954,1.0,0.008668349033156079,10.96474405466047,-1,0,1
57900,49297,48144.27409860355,1.0,0.023959545795510667,10.966472663561087,0,0,-1
58000,49550,48212.250789219936,1.0,0.027758670103108292,10.968198289528557,1,0,-1
58100,50425,48280.208494370294,1.0,0.044439988911500035,10.969920942840002,-1,0,0
58200,49849,48348.14725453915,1.0,0.031047273129734772,10.97164063371953,0,0,1
58300,49659,48416.06711005439,1.0,0.02569056200603621,10.973357372338583,1,0,1
58400,50242,48483.968101088016,1.0,0.036280305373470614,10.975071168816319,-1,0,-1
58500,48842,48551.85026765712,1.0,0.005980623109251003,10.976782033219948,0,0,1
58600,50105,48619.71364962464,1.0,0.030554822774266365,10.978489975565104,1,0,-1
58700,50441,48687.55828670031,1.0,0.03601493449200618,10.980195005816189,-1,0,-1
58800,49419,48755.38421844149,1.0,0.013628859897362414,10.981897133886719,0,0,0
58900,50774,48823.19148425397,1.0,0.039961467214659215,10.983596369639677,1,0,1
59000,50456,48890.98012339283,1.0,0.032018790241739925,10.985292722887856,-1,0,1
59100,50162,48958.75017496329,1.0,0.024591471888130503,10.98698620339419,0,0,-1
59200,50751,49026.50167792156,1.0,0.035183250771260256,10.988676820872097,1,0,1
59300,51631,49094.234671075574,1.0,0.051673929006313936,10.990364584985818,-1,0,-1
59400,50680,49161.949193085886,1.0,0.030897649847709367,10.992049505350737,0,0,-1
59500,50788,49229.64528246645,1.0,0.031673530236002015,10.993731591533722,1,0,0
59600,50515,49297.322977585434,1.0,0.024710334693431917,10.995410853053441,-1,0,1
59700,50397,49364.98231666597,1.0,0.020918333995090663,10.997087299380693,0,0,1
59800,51302,49432.62333778701,1.0,0.0378331174331048,10.998760939938723,1,0,-1
59900,50543,49500.246078884105,1.0,0.0210819835362037,11.00043178410354,-1,0,1
60000,51078,49567.850577750134,1.0,0.03047156153133982,11.002099841204238,0,0,-1
60100,50880,49635.43687203612,1.0,0.025092351324212447,11.0037651205233,1,0,-1
60200,51431,49703.00499925202,1.0,0.03477163496116017,11.005427631296913,-1,0,0
60300,51434,49770.55499676743,1.0,0.03343118856604835,11.007087382715277,0,0,1
60400,51860,49838.08690181237,1.0,0.040582453919566906,11.008744383922906,1,0,1
60500,51164,49905.600751478065,1.0,0.02521907053043206,11.010398644018933,-1,0,-1
60600,51358,49973.096582717655,1.0,0.027732295905470928,11.012050172057405,0,0,1
60700,51079,50040.57443234696,1.0,0.020754787879476138,11.01369897704759,1,0,-1
60800,51421,50108.03433704521,1.0,0.026210380346285353,11.015345067954259,-1,0,-1
60900,51908,50175.47633335577,1.0,0.03453665378456047,11.016988453697989,0,0,0
61000,52174,50242.9004576869,1.0,0.038443259591402955,11.018629143155449,1,0,1
61100,51405,50310.30674631242,1.0,0.02176077490830075,11.020267145159687,-1,0,1
61200,52382,50377.69523537246,1.0,0.039786814568382116,11.021902468500418,0,0,-1
61300,52702,50445.06596087421,1.0,0.04475467687230734,11.023535121924303,1,0,1
61400,52302,50512.41895869255,1.0,0.03543935003200068,11.025165114135234,-1,0,-1
61500,53117,50579.75426457081,1.0,0.050178766650408116,11.02679245379461,0,0,-1
61600,51851,50647.071914121436,1.0,0.023777774811440083,11.02841714952161,1,0,0
61700,51686,50714.37194282671,1.0,0.019172975693790773,11.030039209893479,-1,0,1
61800,51489,50781.6543860394,1.0,0.013935121672748728,11.031658643445782,0,0,1
61900,53227,50848.91927898351,1.0,0.04678446307268384,11.033275458672687,1,0,-1
62000,52874,50916.166656754845,1.0,0.03846821653277351,11.03488966402723,-1,0,1
62100,52587,50983.39655432183,1.0,0.03146804836089261,11.03650126792157,0,0,-1
62200,52833,51050.609006526065,1.0,0.03492166343181076,11.03811027872727,1,0,-1
62300,52189,51117.804048083,1.0,0.020963868749561455,11.039716704775545,-1,0,0
62400,54090,51184.981713582696,1.0,0.05677171504787468,11.041320554357519,0,0,1
62500,52979,51252.14203749033,1.0,0.03370045217092863,11.042921835724492,1,0,1
62600,53043,51319.28505414697,1.0,0.03359479864920283,11.04452055708819,-1,0,-1
62700,53434,51386.41079777014,1.0,0.039849649827122885,11.046116726621012,0,0,1
62800,53382,51453.51930245453,1.0,0.03749168971270307,11.04771035245629,1,0,-1
62900,53324,51520.610602172594,1.0,0.03500849187513935,11.049301442688533,-1,0,-1
63000,52874,51587.684730775174,1.0,0.02495136237961116,11.05089000537367,0,0,0
63100,53599,51654.74172199217,1.0,0.03765560864221303,11.052476048529304,1,0,1
63200,54403,51721.78160943308,1.0,0.051844313920756994,11.054059580134949,-1,0,1
63300,54200,51788.80442658776,1.0,0.046559703114017005,11.055640608132267,0,0,-1
63400,54402,51855.81020682689,1.0,0.04911705764523269,11.057219140425318,1,0,1
63500,53384,51922.79898340272,1.0,0.028150944750382895,11.058795184880783,-1,0,-1
63600,53208,51989.770789449554,1.0,0.023443152402605714,11.060368749328214,0,0,-1
63700,53730,52056.725657984476,1.0,0.03215558816399722,11.061939841560255,1,0,0
63800,53898,52123.66362190784,1.0,0.03404309080441248,11.06350846933288,-1,0,1
63900,54512,52190.584714003926,1.0,0.044498239802263945,11.065074640365626,0,0,1
64000,53130,52257.48896694155,1.0,0.01670023211597048,11.06663836234181,1,0,-1
64100,54887,52324.376413274586,1.0,0.04898697968141449,11.06819964290876,-1,0,1
64200,54076,52391.2470854426,1.0,0.032176014450621335,11.069758489678053,0,0,-1
64300,54008,52458.10101577143,1.0,0.029549894339457924,11.071314910225711,1,0,-1
64400,53772,52524.93823647375,1.0,0.023758244497396674,11.072868912092446,-1,0,0
64500,53506,52591.75877964962,1.0,0.017389254484002845,11.074420502783864,0,0,1
64600,54882,52658.56267728711,1.0,0.04222598904522001,11.075969689770693,1,0,1
64700,54559,52725.34996126281,1.0,0.034781834412642786,11.077516480488992,-1,0,-1
64800,53911,52792.12066334241,1.0,0.021201308462974935,11.079060882340366,0,0,1
64900,53979,52858.87481518129,1.0,0.021200266462903572,11.080602902692181,1,0,-1
65000,54557,52925.612448325024,1.0,0.03084120189913263,11.082142548877775,-1,0,-1
65100,55691,52992.33359420997,1.0,0.050935101978737726,11.08367982819666,0,0,0
65200,54740,53059.03828416378,1.0,0.03169264046435648,11.085214747914744,1,0,1
65300,54150,53125.72654940596,1.0,0.01929860855773941,11.086747315264523,-1,0,1
65400,54889,53192.39842104845,1.0,0.03191189699949323,11.08827753744529,0,0,-1
65500,54946,53259.053930096095,1.0,0.03167917665119871,11.089805421623343,1,0,1
65600,53724,53325.69310744718,1.0,0.007472416628417714,11.09133097493218,-1,0,-1
65700,55203,53392.315983894034,1.0,0.03393098306658195,11.092854204472703,0,0,-1
65800,55180,53458.92259012351,1.0,0.03219500614426434,11.094375117313408,1,0,0
65900,55746,53525.51295671743,1.0,0.04149460002912941,11.095893720490599,-1,0,1
66000,56435,53592.08711415327,1.0,0.05304804275912479,11.097410021008562,0,0,1
66100,56118,53658.645092804516,1.0,0.04584783438710407,11.098924025839777,1,0,-1
66200,55439,53725.18692294126,1.0,0.03191475375609586,11.1004357419251,-1,0,1
66300,55058,53791.712634730735,1.0,0.023557590932499234,11.101945176173954,0,0,-1
66400,57109,53858.222258237736,1.0,0.06037340975402644,11.103452335464524,1,0,-1
66500,55825,53924.71582342515,1.0,0.03524671070571804,11.104957226643945,-1,0,0
66600,55870,53991.193360154495,1.0,0.03480628850303274,11.106459856528481,0,0,1
66700,55919,54057.65489818644,1.0,0.03443597115842833,11.107960231903714,1,0,1
66800,56108,54124.10046718114,1.0,0.036666056972357884,11.109458359524737,-1,0,-1
66900,55992,54190.53009669893,1.0,0.03324735812930336,11.11095424611632,0,0,1
67000,55828,54256.94381620067,1.0,0.028957866255877998,11.112447898373103,1,0,-1
67100,55911,54323.3416550483,1.0,0.02922719879573998,11.113939322959773,-1,0,-1
67200,56258,54389.72364250526,1.0,0.034367342770137976,11.115428526511241,0,0,0
67300,56049,54456.08980773706,1.0,0.029257508924023172,11.116915515632819,1,0,1
67400,56024,54522.44017981162,1.0,0.02755798331990368,11.118400296900399,-1,0,1
67500,56539,54588.7747876999,1.0,0.03574324164963977,11.119882876860622,0,0,-1
67600,56410,54655.09366027624,1.0,0.03211949040866841,11.121363262031055,1,0,1
67700,57440,54721.396826318865,1.0,0.0496973528207779,11.122841458900366,-1,0,-1
67800,55233,54787.684314510385,1.0,0.008133735376548526,11.124317473928487,0,0,-1
67900,57352,54853.956153438216,1.0,0.045542376569034725,11.125791313546788,1,0,0
68000,57505,54920.21237159505,1.0,0.047069913361967836,11.127262984158243,-1,0,1
68100,55748,54986.45299737928,1.0,0.01385480686037133,11.128732492137603,0,0,1
68200,56766,55052.67805909549,1.0,0.031139391726708494,11.130199843831553,1,0,-1
68300,56818,55118.88758495491,1.0,0.03082734539874897,11.131665045558881,-1,0,1
68400,56313,55185.0816030758,1.0,0.020440069364785936,11.133128103610641,0,0,-1
68500,56726,55251.26014148396,1.0,0.0267084162707074,11.134589024250317,1,0,-1
68600,56609,55317.42322811316,1.0,0.023350205576617197,11.136047813713976,-1,0,0
68700,58260,55383.57089080551,1.0,0.05194605360181318,11.13750447821044,0,0,1
68800,57875,55449.70315731197,1.0,0.043745543405272216,11.138959023921435,1,0,1
68900,58128,55515.82005529277,1.0,0.047067767518305485,11.14041145700175,-1,0,-1
69000,57890,55581.92161231781,1.0,0.04153046339368769,11.141861783579396,0,0,1
69100,56926,55648.00785586707,1.0,0.022982843285142475,11.143310009755762,1,0,-1
69200,57329,55714.07881333116,1.0,0.028985892256676783,11.144756141605761,-1,0,-1
69300,57960,55780.13451201154,1.0,0.039080714384186255,11.146200185177994,0,0,0
69400,57070,55846.17497912109,1.0,0.021919729334189994,11.147642146494896,1,0,1
69500,58217,55912.2002417845,1.0,0.04122322064265517,11.149082031552883,-1,0,1
69600,57749,55978.21032703862,1.0,0.03164042759397218,11.150519846322512,0,0,-1
69700,57739,56044.20526183296,1.0,0.030244161666932147,11.151955596748616,1,0,1
69800,58413,56110.18507303004,1.0,0.04104892768722106,11.153389288750464,-1,0,-1
69900,58329,56176.14978740578,1.0,0.03832721717338376,11.154820928221902,0,0,-1
70000,57941,56242.099431649985,1.0,0.030218504452879918,11.156250521031495,1,0,0
70100,58862,56308.034032366624,1.0,0.04536340090190121,11.157678073022682,-1,0,1
70200,57664,56373.953616074374,1.0,0.02289979023918423,11.159103590013903,0,0,1
70300,58686,56439.858209206905,1.0,0.03980851376892242,11.160527077798756,1,0,-1
70400,58738,56505.7478381133,1.0,0.03951734809389947,11.161948542146133,-1,0,1
70500,58292,56571.622529058455,1.0,0.030426523087665386,11.16336798880036,0,0,-1
70600,58717,56637.4823082235,1.0,0.036717474754379226,11.164785423481334,1,0,-1
70700,57887,56703.327201706146,1.0,0.020877702230811607,11.166200851884664,-1,0,0
70800,59185,56769.15723552105,1.0,0.042560369765297805,11.16761427968181,0,0,1
70900,58619,56834.97243560024,1.0,0.03140093996792286,11.169025712520218,1,0,1
71000,58491,56900.772827793466,1.0,0.027951225475090654,11.170435156023453,-1,0,-1
71100,59450,56966.558437868654,1.0,0.04359570761038082,11.171842615791332,0,0,1
71200,58514,57032.32929151212,1.0,0.025988036487151603,11.173248097400068,1,0,-1
71300,58175,57098.08541432913,1.0,0.01887145017677911,11.174651606402387,-1,0,-1
71400,58153,57163.82683184412,1.0,0.01731312647555594,11.176053148327675,0,0,0
71500,59453,57229.553569501135,1.0,0.038861671992835176,11.177452728682098,1,0,1
71600,58436,57295.26565266421,1.0,0.019918266540878644,11.178850352948738,-1,0,1
71700,60239,57360.96310661772,1.0,0.05019035713745573,11.180246026587712,0,0,-1
71800,58100,57426.645956566696,1.0,0.011741878714880534,11.181639755036315,1,0,1
71900,60334,57492.31422763722,1.0,0.04944343093164265,11.183031543709138,-1,0,-1
72000,59544,57557.96794487681,1.0,0.03450570828892895,11.184421397998193,0,0,-1
72100,59429,57623.60713325474,1.0,0.031344075877546215,11.185809323273041,1,0,0
72200,59233,57689.23181766242,1.0,0.026776731764908895,11.187195324880918,-1,0,1
72300,59841,57754.84202291368,1.0,0.03613107704950764,11.188579408146856,0,0,1
72400,59651,57820.43777374522,1.0,0.0316762752870331,11.189961578373808,1,0,-1
72500,60374,57886.01909481688,1.0,0.0429976962670826,11.191341840842766,-1,0,1
72600,59865,57951.586010712,1.0,0.03301819348440975,11.192720200812888,0,0,-1
72700,59948,58017.13854593782,1.0,0.03328939433531248,11.194096663521611,1,0,-1
72800,59712,58082.67672492573,1.0,0.028059970307385683,11.195471234184778,-1,0,0
72900,59952,58148.20057203168,1.0,0.0310356437434178,11.19684391799675,0,0,1
73000,60227,58213.710111536486,1.0,0.03459145294724683,11.198214720130528,1,0,1
73100,59113,58279.20536764615,1.0,0.014319450234029132,11.199583645737869,-1,0,-1
73200,59385,58344.68636449225,1.0,0.01784637836387018,11.200950699949402,0,0,1
73300,60668,58410.1531261322,1.0,0.038667407354582926,11.202315887874743,1,0,-1
73400,60396,58475.60567654966,1.0,0.032849425884942815,11.203679214602607,-1,0,-1
73500,60250,58541.04403965477,1.0,0.029206450302240193,11.205040685200927,0,0,0
73600,60431,58606.46823928454,1.0,0.031135677988940097,11.206400304716968,1,0,1
73700,60686,58671.87829920321,1.0,0.034331789223914895,11.207758078177427,-1,0,1
73800,60227,58737.274243102394,1.0,0.02536262300618639,11.209114010588564,0,0,-1
73900,60148,58802.65609460166,1.0,0.022881069834219815,11.210468106936293,1,0,1
74000,60782,58868.023877248655,1.0,0.03252615196403584,11.211820372186306,-1,0,-1
74100,60152,58933.37761451945,1.0,0.020687274293834164,11.213170811284177,0,0,-1
74200,61031,58998.71732981893,1.0,0.03445658777052564,11.214519429155471,1,0,0
74300,59846,59064.04304648103,1.0,0.013251072811257685,11.215866230705851,-1,0,1
74400,61522,59129.35478776913,1.0,0.040471139218543645,11.217211220821182,0,0,1
74500,61255,59194.652576876215,1.0,0.03480809169947841,11.218554404367652,1,0,-1
74600,61188,59259.93643692539,1.0,0.03254484279497998,11.219895786191852,-1,0,1
74700,61681,59325.20639096999,1.0,0.03971381273199413,11.221235371120908,0,0,-1
74800,62148,59390.46246199397,1.0,0.04644396775853619,11.222573163962569,1,0,-1
74900,61824,59455.704672912274,1.0,0.03983524127046265,11.22390916950531,-1,0,0
75000,60186,59520.93304657098,1.0,0.011185146179887253,11.225243392518447,0,0,1
75100,60581,59586.14760574775,1.0,0.016700530713681067,11.226575837752225,1,0,1
75200,61032,59651.34837315201,1.0,0.023150623711793272,11.227906509937931,-1,0,-1
75300,61481,59716.535371425336,1.0,0.029562359270029023,11.229235413787984,0,0,1
75400,61837,59781.70862314167,1.0,0.03438084111166282,11.230562553996048,1,0,-1
75500,61154,59846.8681508077,1.0,0.021849810190074065,11.231887935237117,-1,0,-1
75600,61761,59912.013976863054,1.0,0.030878140790249732,11.233211562167625,0,0,0
75700,61258,59977.14612368066,1.0,0.021360127897513972,11.23453343942554,1,0,1
75800,61405,60042.264613566986,1.0,0.02270255406076976,11.235853571630463,-1,0,1
75900,60988,60107.369468762365,1.0,0.014655218019521424,11.237171963383721,0,0,-1
76000,61339,60172.46071144124,1.0,0.019393946368232357,11.238488619268468,1,0,1
76100,61141,60237.5383637125,1.0,0.015014266149389992,11.239803543849778,-1,0,-1
76200,61428,60302.602447619705,1.0,0.018677626844184263,11.241116741674738,0,0,-1
76300,62714,60367.65298514138,1.0,0.03887846821660202,11.242428217272549,1,0,0
76400,61566,60432.689998191316,1.0,0.018754225513955978,11.243737975154612,-1,0,1
76500,63793,60497.713508618835,1.0,0.05447870168828733,11.245046019814627,0,0,1
76600,62561,60562.72353820904,1.0,0.032995258019461265,11.246352355728682,1,0,-1
76700,62435,60627.7201086831,1.0,0.029818198028227022,11.247656987355347,-1,0,1
76800,61863,60692.70324169855,1.0,0.01929460467960939,11.248959919135764,0,0,-1
76900,62871,60757.672958849565,1.0,0.034790242591136764,11.250261155493735,1,0,-1
77000,62157,60822.62928166714,1.0,0.021940369801780008,11.251560700835821,-1,0,0
77100,62642,60887.57223161947,1.0,0.028827120359171943,11.25285855955142,0,0,1
77200,64190,60952.501830112116,1.0,0.05311883815347488,11.254154736012868,1,0,1
77300,62632,61017.41809848838,1.0,0.026469086861619317,11.255449234575513,-1,0,-1
77400,63454,61082.32105802945,1.0,0.0388348604473173,11.25674205957782,0,0,1
77500,62383,61147.21072995475,1.0,0.020223577785595317,11.258033215341438,1,0,-1
77600,62853,61212.087135422145,1.0,0.026819470377119653,11.25932270617131,-1,0,-1
77700,64021,61276.950295528266,1.0,0.0447921977145162,11.260610536355738,0,0,0
77800,62613,61341.80023130864,1.0,0.020730203692541048,11.261896710166482,1,0,1
77900,64172,61406.636963738085,1.0,0.0450409131671419,11.26318123185884,-1,0,1
78000,63556,61471.46051373089,1.0,0.03391139379006363,11.26446410567173,0,0,-1
78100,62836,61536.27090214111,1.0,0.021127569738365402,11.265745335827777,1,0,1
78200,63633,61601.06814976272,1.0,0.032995616396020874,11.267024926533402,-1,0,-1
78300,63905,61665.85227733003,1.0,0.036317345236582706,11.268302881978894,0,0,-1
78400,63751,61730.623305517736,1.0,0.03273114364842482,11.269579206338499,1,0,0
78500,62458,61795.381254941356,1.0,0.010733042529651973,11.2708539037705,-1,0,1
78600,63040,61860.12614615733,1.0,0.019087186492157973,11.272126978417297,0,0,1
78700,63399,61924.85799966336,1.0,0.02380768317458362,11.273398434405495,1,0,-1
78800,63568,61989.57683589862,1.0,0.02546390874745047,11.27466827584597,-1,0,1
78900,64061,62054.28267524396,1.0,0.03234141875191029,11.275936506833965,0,0,-1
79000,63848,62118.97553802217,1.0,0.027839262282139975,11.27720313144916,1,0,-1
79100,62969,62183.65544449831,1.0,0.012637480995300765,11.278468153755746,-1,0,0
79200,64098,62248.32241487982,1.0,0.029722710794037238,11.279731577802517,0,0,1
79300,64304,62312.97646931675,1.0,0.03195754993156312,11.280993407622939,1,0,1
79400,64335,62377.617627902124,1.0,0.031381726268074,11.282253647235228,-1,0,-1
79500,64722,62442.245910672114,1.0,0.03652494361140073,11.283512300642423,0,0,1
79600,64631,62506.86133760616,1.0,0.033990873385776124,11.284769371832475,1,0,-1
79700,64459,62571.46392862742,1.0,0.030179184212230193,11.286024864778307,-1,0,-1
79800,64190,62636.053703602796,1.0,0.02482268867496296,11.2872787834379,0,0,0
79900,63255,62700.630682343275,1.0,0.008852943824902263,11.288531131754366,1,0,1
80000,64629,62765.194884604156,1.0,0.029698201449601853,11.289781913656018,-1,0,1
80100,64552,62829.746330085174,1.0,0.027419634198190032,11.291031133056451,0,0,-1
80200,64655,62894.285038430906,1.0,0.028000568494724813,11.292278793854607,1,0,1
80300,63743,62958.81102923082,1.0,0.012460614162138567,11.293524899934853,-1,0,-1
80400,63928,63023.32432201958,1.0,0.014362163104426305,11.294769455167058,0,0,-1
80500,65336,63087.824936277284,1.0,0.03565020572604699,11.296012463406655,1,0,0
80600,64710,63152.31289142963,1.0,0.024670405256608192,11.297253928494719,-1,0,1
80700,65228,63216.788206848156,1.0,0.03182958462928161,11.29849385425804,0,0,1
80800,64878,63281.25090185052,1.0,0.025247733393170955,11.299732244509187,1,0,-1
80900,64942,63345.700995700594,1.0,0.0252134434964115,11.300969103046583,-1,0,1
81000,65582,63410.13850760881,1.0,0.03425142202192225,11.302204433654575,0,0,-1
81100,64722,63474.56345673224,1.0,0.01966221635145983,11.303438240103505,1,0,-1
81200,65174,63538.975862175,1.0,0.025739336828163567,11.304670526149769,-1,0,0
81300,64882,63603.37574298822,1.0,0.020112234818184596,11.305901295535902,0,0,1
81400,64963,63667.763118170464,1.0,0.020348284293014957,11.307130551990632,1,0,1
81500,65106,63732.13800666782,1.0,0.021561190933041947,11.308358299228955,-1,0,-1
81600,65508,63796.5004273742,1.0,0.0268353282758019,11.309584540952198,0,0,1
81700,65124,63860.850399131414,1.0,0.019789001111484364,11.310809280848094,1,0,-1
81800,66296,63925.187940729535,1.0,0.03709796884975832,11.312032522590838,-1,0,-1
81900,64985,63989.51307090699,1.0,0.015559682992444937,11.313254269841162,0,0,0
82000,65501,64053.82580835083,1.0,0.022603820345446106,11.314474526246391,1,0,1
82100,65403,64118.126171696895,1.0,0.020043443067872188,11.31569329544052,-1,0,1
82200,66677,64182.41417953003,1.0,0.03888018873314626,11.31691058104427,0,0,-1
82300,65939,64246.68985038426,1.0,0.026347056101289432,11.318126386665162,1,0,1
82400,66540,64310.95320274309,1.0,0.034672496767907623,11.319340715897564,-1,0,-1
82500,64984,64375.20425503959,1.0,0.009472437207150198,11.320553572322773,0,0,-1
82600,66177,64439.44302565663,1.0,0.026973981181565146,11.32176495950907,1,0,0
82700,66643,64503.66953292707,1.0,0.03317667313963577,11.322974881011783,-1,0,1
82800,66187,64567.88379513406,1.0,0.02508154142968995,11.32418334037335,0,0,1
82900,66887,64632.08583051102,1.0,0.03489329151915327,11.325390341123386,1,0,-1
83000,65928,64696.27565724206,1.0,0.01904683913289528,11.326595886778735,-1,0,1
83100,67240,64760.45329346204,1.0,0.038295882865257556,11.32779998084354,0,0,-1
83200,67882,64824.61875725681,1.0,0.047175522401706235,11.3290026268093,1,0,-1
83300,66221,64888.77206666339,1.0,0.02054373462644687,11.330203828154934,-1,0,0
83400,66232,64952.91323967013,1.0,0.019704118522047984,11.331403588346838,0,0,1
83500,67531,65017.042294216975,1.0,0.03868145411908777,11.332601910838946,1,0,1
83600,67680,65081.15924819556,1.0,0.039933235784694036,11.333798799072794,-1,0,-1
83700,66376,65145.264119449545,1.0,0.018900255262351288,11.334994256477566,0,0,1
83800,66508,65209.356925774584,1.0,0.019919761258546515,11.336188286470174,1,0,-1
83900,66663,65273.43768491869,1.0,0.021297985994809816,11.337380892455297,-1,0,-1
84000,66034,65337.50641458237,1.0,0.010666954065928396,11.33857207782545,0,0,0
84100,66377,65401.5631324188,1.0,0.014921986539885974,11.33976184596104,1,0,1
84200,66386,65465.607856033974,1.0,0.014065559818486948,11.340950200230418,-1,0,1
84300,66606,65529.640602986954,1.0,0.01642886251149827,11.342137143989946,0,0,-1
84400,67152,65593.66139079003,1.0,0.023761263332795317,11.343322680584048,1,0,1
84500,67394,65657.67023690883,1.0,0.026452930750757962,11.344506813345266,-1,0,-1
84600,68325,65721.66715876262,1.0,0.039619850193383266,11.345689545594315,0,0,-1
84700,66715,65785.65217372439,1.0,0.014136750409720268,11.346870880640147,1,0,0
84800,68086,65849.62529912111,1.0,0.03397033680597037,11.348050821779994,-1,0,1
84900,67363,65913.58655223376,1.0,0.021995415229800242,11.349229372299439,0,0,1
85000,67537,65977.53595029768,1.0,0.023650218327009684,11.350406535472453,1,0,-1
85100,68082,66041.47351050265,1.0,0.03090395471561888,11.351582314561465,-1,0,1
85200,66960,66105.3992499931,1.0,0.012940787955575241,11.352756712817406,0,0,-1
85300,68022,66169.31318586826,1.0,0.028005689079750602,11.35392973347977,1,0,-1
85400,67946,66233.21533518234,1.0,0.02586102295883363,11.355101379776661,-1,0,0
85500,68228,66297.10571494467,1.0,0.029137239015509,11.356271654924852,0,0,1
85600,68160,66360.98434211996,1.0,0.02712194467154607,11.357440562129833,1,0,1
85700,69666,66424.85123362835,1.0,0.048802087661186044,11.358608104585871,-1,0,-1
85800,67678,66488.70640634566,1.0,0.017891800137230476,11.359774285476053,0,0,1
85900,67815,66552.54987710362,1.0,0.01898061905757232,11.360939107972346,1,0,-1
86000,67820,66616.38166268983,1.0,0.018081835815555766,11.362102575235644,-1,0,-1
86100,67932,66680.20177984811,1.0,0.0187823748564833,11.363264690415821,0,0,0
86200,67944,66744.01024527864,1.0,0.01798842061407492,11.364425456651784,1,0,1
86300,69231,66807.807075638,1.0,0.03627883201124638,11.36558487707152,-1,0,1
86400,69454,66871.59228753958,1.0,0.0386213008043093,11.366742954792146,0,0,-1
86500,68189,66935.36589755343,1.0,0.01873759139917032,11.36789969291997,1,0,1
86600,68081,66999.12792220665,1.0,0.016151486327831473,11.369055094550527,-1,0,-1
86700,69022,67062.87837798354,1.0,0.029220364127553498,11.370209162768633,0,0,-1
86800,68403,67126.61728132561,1.0,0.019016310237259318,11.371361900648441,1,0,0
86900,69266,67190.34464863189,1.0,0.03090134317643212,11.372513311253483,-1,0,1
87000,69045,67254.060496259,1.0,0.02663587808701246,11.37366339763672,0,0,1
87100,67956,67317.76484052138,1.0,0.009484954300493075,11.374812162840595,1,0,-1
87200,70087,67381.45769769142,1.0,0.04015430563837624,11.375959609897071,-1,0,1
87300,70323,67445.13908399957,1.0,0.04267598482799122,11.377105741827693,0,0,-1
87400,68766,67508.80901563453,1.0,0.01862835744624961,11.378250561643627,1,0,-1
87500,68986,67572.46750874343,1.0,0.02091933206831404,11.379394072345706,-1,0,0
87600,69509,67636.11457943197,1.0,0.0276961570357685,11.380536276924483,0,0,1
87700,69610,67699.75024376456,1.0,0.028224263522194287,11.381677178360274,1,0,1
87800,69898,67763.37451776445,1.0,0.03150835257709371,11.382816779623209,-1,0,-1
87900,70883,67826.987417414,1.0,0.045069175719794824,11.383955083673268,0,0,1
88000,69468,67890.58895865463,1.0,0.02324286913599993,11.385092093460344,1,0,-1
88100,69114,67954.17915738716,1.0,0.0170755548141686,11.386227811924272,-1,0,-1
88200,68787,68017.75802947191,1.0,0.011312479605628731,11.387362241994882,0,0,0
88300,69296,68081.32559072872,1.0,0.017844458738623514,11.388495386592052,1,0,1
88400,69839,68144.88185693733,1.0,0.024871502982273003,11.389627248625734,-1,0,1
88500,71154,68208.42684383725,1.0,0.0431982747862854,11.390757830996021,0,0,-1
88600,69646,68271.96056712826,1.0,0.020127399871723316,11.391887136593173,1,0,1
88700,70221,68335.48304247021,1.0,0.027593085626940787,11.393015168297671,-1,0,-1
88800,70125,68398.99428548332,1.0,0.025243530070756977,11.394141928980261,0,0,-1
88900,71019,68462.49431174836,1.0,0.03734508736820166,11.395267421501996,1,0,0
89000,72006,68525.98313680677,1.0,0.050784700064167576,11.396391648714276,-1,0,1
89100,69979,68589.4607761607,1.0,0.020261717590366393,11.3975146134589,0,0,1
89200,70076,68652.92724527333,1.0,0.020731831414115224,11.398636318568101,1,0,-1
89300,71198,68716.38255956888,1.0,0.03612442869407739,11.39975676686459,-1,0,1
89400,71019,68779.82673443278,1.0,0.032559084927856904,11.400875961161606,0,0,-1
89500,71890,68843.25978521188,1.0,0.04426533178736812,11.401993904262946,1,0,-1
89600,71090,68906.68172721447,1.0,0.03169634954962979,11.403110598963021,-1,0,0
89700,70509,68970.0925757105,1.0,0.022323658817493278,11.404226048046887,0,0,1
89800,71234,69033.49234593174,1.0,0.031883325040796266,11.40534025429029,1,0,1
89900,71662,69096.88105307183,1.0,0.03712467657204004,11.406453220459712,-1,0,-1
90000,71532,69160.25871228651,1.0,0.03430397561128653,11.407564949312402,0,0,1
90100,71385,69223.62533869372,1.0,0.031234038058971837,11.40867544359643,1,0,-1
90200,71843,69286.98094737368,1.0,0.03689080136548991,11.409784706050715,-1,0,-1
90300,71984,69350.32555336914,1.0,0.03798036167449741,11.410892739405076,0,0,0
90400,72202,69413.6591716854,1.0,0.040172923318283246,11.411999546380267,1,0,1
90500,71762,69476.98181729057,1.0,0.032902917975847046,11.413105129688017,-1,0,1
90600,71265,69540.29350511554,1.0,0.024809663722795434,11.414209492031071,0,0,-1
90700,71553,69603.59425005432,1.0,0.02801352819805833,11.415312636103227,1,0,1
90800,72361,69666.88406696392,1.0,0.03867753080897414,11.416414564589385,-1,0,-1
90900,71020,69730.16297066475,1.0,0.01850961884497784,11.41751528016557,0,0,-1
91000,71917,69793.43097594056,1.0,0.030432709236270113,11.418614785498987,1,0,0
91100,71455,69856.68809753862,1.0,0.022880036366944755,11.41971308324805,-1,0,1
91200,71819,69919.9343501699,1.0,0.027168750372528853,11.420810176062423,0,0,1
91300,72763,69983.16974850916,1.0,0.0397341092895262,11.421906066583059,1,0,-1
91400,72072,70046.39430719503,1.0,0.028929262289623375,11.42300075744224,-1,0,1
91500,72041,70109.60804083025,1.0,0.027551692026998226,11.424094251263613,0,0,-1
91600,71124,70172.81096398173,1.0,0.013558175636532662,11.425186550662222,1,0,-1
91700,72672,70236.00309118064,1.0,0.03468902036221972,11.426277658244556,-1,0,0
91800,72671,70299.18443692266,1.0,0.03375139293297766,11.427367576608582,0,0,1
91900,73810,70362.35501566794,1.0,0.048999465171374657,11.428456308343778,1,0,1
92000,72141,70425.51484184136,1.0,0.02435978446400544,11.429543856031177,-1,0,-1
92100,72582,70488.66392983262,1.0,0.029699982717681837,11.430630222243398,0,0,1
92200,72673,70551.8022939963,1.0,0.0300734743885309,11.431715409544685,1,0,-1
92300,73681,70614.92994865212,1.0,0.04342555571384972,11.432799420490943,-1,0,-1
92400,72570,70678.04690808487,1.0,0.026769662028189218,11.433882257629776,0,0,0
92500,72904,70741.15318654476,1.0,0.030584617982502303,11.434963923500517,1,0,1
92600,73207,70804.24879824732,1.0,0.0339453260506952,11.436044420634271,-1,0,1
92700,72979,70867.33375737374,1.0,0.02980456524615185,11.437123751553946,0,0,-1
92800,72600,70930.40807807072,1.0,0.023546387799990652,11.438201918774292,1,0,1
92900,73124,70993.47177445087,1.0,0.030023992777828197,11.439278924801929,-1,0,-1
93000,73820,71056.52486059265,1.0,0.038891880394731,11.440354772135393,0,0,-1
93100,72397,71119.56735054059,1.0,0.017962963337431262,11.441429463265159,1,0,0
93200,73291,71182.59925830533,1.0,0.02963043221713022,11.442503000673682,-1,0,1
93300,72768,71245.62059786376,1.0,0.021372194579770024,11.443575386835436,0,0,1
93400,74189,71308.63138315921,1.0,0.04039656686565492,11.444646624216935,1,0,-1
93500,72319,71371.63162810144,1.0,0.013286942541174598,11.44571671527678,-1,0,1
93600,73077,71434.62134656686,1.0,0.023002299956637884,11.446785662465684,0,0,-1
93700,73816,71497.6005523986,1.0,0.03243632260465541,11.447853468226514,1,0,-1
93800,74737,71560.56925940662,1.0,0.04439209100950129,11.448920134994315,-1,0,0
93900,73639,71623.52748136784,1.0,0.02815193936317551,11.449985665196355,0,0,1
94000,73358,71686.47523202629,1.0,0.02332996541664031,11.451050061252142,1,0,1
94100,75176,71749.4125250932,1.0,0.047765960707317104,11.452113325573471,-1,0,-1
94200,72856,71812.33937424699,1.0,0.014546574235111211,11.453175460564454,0,0,1
94300,72386,71875.25579313365,1.0,0.0071108541875164665,11.454236468621549,1,0,-1
94400,74353,71938.16179536654,1.0,0.033571119564590954,11.455296352133592,-1,0,-1
94500,73745,72001.05739452683,1.0,0.024222338554335646,11.456355113481834,0,0,0
94600,73440,72063.94260416324,1.0,0.019102286534077657,11.45741275503997,1,0,1
94700,74757,72126.81743779256,1.0,0.036469725135442395,11.45846927917417,-1,0,1
94800,74492,72189.6819088994,1.0,0.031895509810976726,11.459524688243112,0,0,-1
94900,73978,72252.53603093646,1.0,0.02388783856582905,11.460578984598019,1,0,1
95000,73530,72315.37981732472,1.0,0.016796467544757616,11.461632170582678,-1,0,-1
95100,75157,72378.21328145344,1.0,0.038394720336608394,11.462684248533481,0,0,-1
95200,75066,72441.03643668021,1.0,0.03624252776463609,11.463735220779457,1,0,0
95300,74593,72503.84929633119,1.0,0.028818844373865584,11.464785089642293,-1,0,1
95400,76075,72566.65187370115,1.0,0.04834676292468979,11.465833857436378,0,0,1
95500,74027,72629.44418205362,1.0,0.019249023156555016,11.466881526468821,1,0,-1
95600,73765,72692.22623462093,1.0,0.014763769995219372,11.467928099039492,-1,0,1
95700,74440,72754.99804460435,1.0,0.02316875019654464,11.468973577441046,0,0,-1
95800,74980,72817.75962517422,1.0,0.029700423659568903,11.470017963958952,1,0,-1
95900,75260,72880.51098947006,1.0,0.03265776056726367,11.47106126087153,-1,0,0
96000,74976,72943.25215060057,1.0,0.02787970281356862,11.472103470449973,0,0,1
96100,75479,73005.98312164388,1.0,0.033879915646431794,11.473144594958384,1,0,1
96200,74377,73068.70391564754,1.0,0.017910852765344508,11.474184636653797,-1,0,-1
96300,76417,73131.41454562871,1.0,0.044930351640312775,11.475223597786217,0,0,1
96400,75370,73194.11502457419,1.0,0.029737212069656953,11.476261480598637,1,0,-1
96500,76318,73256.80536544058,1.0,0.04179724664802067,11.477298287327077,-1,0,-1
96600,75820,73319.48558115432,1.0,0.03411663923128865,11.47833402020061,0,0,0
96700,75974,73382.15568461185,1.0,0.035321535254614504,11.479368681441386,1,0,1
96800,76126,73444.81568867971,1.0,0.036515800097333635,11.480402273264668,-1,0,1
96900,76106,73507.46560619453,1.0,0.035358831314094584,11.481434797878858,0,0,-1
97000,76319,73570.10544996338,1.0,0.03737207334508638,11.48246625748552,1,0,1
97100,76894,73632.7352327635,1.0,0.04429894029792778,11.483496654279417,-1,0,-1
97200,76129,73695.3549673428,1.0,0.033034652944618215,11.48452599044853,0,0,-1
97300,76577,73757.96466641965,1.0,0.03822095003879149,11.485554268174097,1,0,0
97400,76056,73820.56434268312,1.0,0.030294459844879756,11.486581489630627,-1,0,1
97500,77256,73883.1540087931,1.0,0.04565331470492191,11.487607656985938,0,0,1
97600,75760,73945.73367738027,1.0,0.02454795524291957,11.488632772401184,1,0,-1
97700,77662,74008.30336104632,1.0,0.04938041695418432,11.489656838030873,-1,0,1
97800,76369,74070.86307236398,1.0,0.03102795501337438,11.49067985602291,0,0,-1
97900,75407,74133.41282387722,1.0,0.017179681998974006,11.491701828518602,1,0,-1
98000,76631,74195.95262810115,1.0,0.03282574153636814,11.49272275765271,-1,0,0
98100,76099,74258.4824975223,1.0,0.024790800497300543,11.493742645553455,0,0,1
98200,77298,74321.00244459866,1.0,0.04006371720599772,11.494761494342557,1,0,1
98300,76256,74383.51248175968,1.0,0.025186341359565288,11.495779306135258,-1,0,-1
98400,76478,74446.01262140654,1.0,0.027305371074871264,11.496796083040344,0,0,1
98500,75471,74508.50287591205,1.0,0.012925737388647978,11.49781182716018,1,0,-1
98600,76610,74570.98325762094,1.0,0.02735132624595451,11.498826540590727,-1,0,-1
98700,75207,74633.4537788498,1.0,0.007688136968941004,11.499840225421574,0,0,0
98800,75901,74695.91445188723,1.0,0.01613972965600175,11.50085288373596,1,0,1
98900,77721,74758.36528899394,1.0,0.0396340099649709,11.501864517610803,-1,0,1
99000,77809,74820.80630240281,1.0,0.039938239554275556,11.502875129116727,0,0,-1
99100,77607,74883.23750431901,1.0,0.036384448592776175,11.50388472031808,1,0,1
99200,76632,74945.65890692014,1.0,0.022508998582321634,11.504893293272964,-1,0,-1
99300,77389,75008.07052235617,1.0,0.03174977730866853,11.505900850033264,0,0,-1
99400,77490,75070.47236274964,1.0,0.03223823213770011,11.506907392644665,1,0,0
99500,76690,75132.86444019583,1.0,0.020737205279791546,11.507912923146684,-1,0,1
99600,78759,75195.24676676263,1.0,0.04740065019819323,11.50891744357269,0,0,1
99700,78357,75257.61935449082,1.0,0.04118531804063278,11.50992095594993,1,0,-1
99800,77598,75319.98221539409,1.0,0.030246287075258747,11.510923462299555,-1,0,1
99900,77852,75382.33536145909,1.0,0.032768219584318185,11.511924964636645,0,0,-1
